id,x,y,z,yaw,road_id,section_id,lane_id
7190510115675677276,298.3995666503906,129.50291442871094,0.0,180.02560424804688,4,0,1
9403920818672530582,297.3995666503906,129.50245666503906,0.0,180.02560424804688,4,0,1
6900415131750089616,296.3995666503906,129.50201416015625,0.0,180.02560424804688,4,0,1
5788647541312107099,295.3995666503906,129.50157165527344,0.0,180.02560424804688,4,0,1
7186959885741339029,294.3995666503906,129.50112915039062,0.0,180.02560424804688,4,0,1
11869501172061114511,293.3995666503906,129.50067138671875,0.0,180.02560424804688,4,0,1
11420023841433672937,292.3995666503906,129.50022888183594,0.0,180.02560424804688,4,0,1
6700501532029860672,291.3995666503906,129.49978637695312,0.0,180.02560424804688,4,0,1
15897044974928677434,290.3995666503906,129.4993438720703,0.0,180.02560424804688,4,0,1
10852335680054437524,289.3995666503906,129.49888610839844,0.0,180.02560424804688,4,0,1
9160322816141332558,288.3995666503906,129.49844360351562,0.0,180.02560424804688,4,0,1
10543742631995245721,287.3995666503906,129.4980010986328,0.0,180.02560424804688,4,0,1
10086519267242599315,286.3995666503906,129.49754333496094,0.0,180.02560424804688,4,0,1
3216570210308209485,285.3995666503906,129.49710083007812,0.0,180.02560424804688,4,0,1
4476567255861828167,284.3995666503906,129.4966583251953,0.0,180.02560424804688,4,0,1
10288225607882972478,283.3995666503906,129.4962158203125,0.0,180.02560424804688,4,0,1
6399150887492949752,282.3995666503906,129.49575805664062,0.0,180.02560424804688,4,0,1
8849572766354294258,281.3995666503906,129.4953155517578,0.0,180.02560424804688,4,0,1
2018079796593698092,280.3995666503906,129.494873046875,0.0,180.02560424804688,4,0,1
4847789456999216119,279.3995666503906,129.49441528320312,0.0,180.02560424804688,4,0,1
1167069131708485873,278.3995666503906,129.4939727783203,0.0,180.02560424804688,4,0,1
16822147320538715435,277.3995666503906,129.4935302734375,0.0,180.02560424804688,4,0,1
6074575509267518501,276.3995666503906,129.4930877685547,0.0,180.02560424804688,4,0,1
13896409104441531548,275.3995666503906,129.4926300048828,0.0,180.02560424804688,4,0,1
4149120320586898390,274.3995666503906,129.4921875,0.0,180.02560424804688,4,0,1
11850715886713522896,273.3995666503906,129.4917449951172,0.0,180.02560424804688,4,0,1
10402690783224287882,272.3995666503906,129.4912872314453,0.0,180.02560424804688,4,0,1
8922566938260872932,271.3995666503906,129.4908447265625,0.0,180.02560424804688,4,0,1
6931520474171546319,270.3995666503906,129.4904022216797,0.0,180.02560424804688,4,0,1
15851327575026427689,269.3995666503906,129.48995971679688,0.0,180.02560424804688,4,0,1
14807546720671957219,268.3995666503906,129.489501953125,0.0,180.02560424804688,4,0,1
2169645993049698269,267.3995666503906,129.4890594482422,0.0,180.02560424804688,4,0,1
3216646957897690068,266.3995666503906,129.48861694335938,0.0,180.02560424804688,4,0,1
11094047363343680910,265.3995666503906,129.4881591796875,0.0,180.02560424804688,4,0,1
9362348909649554653,264.39959716796875,129.4877166748047,0.0,180.02560424804688,4,0,1
7203923388758274190,263.39959716796875,129.48727416992188,0.0,180.02560424804688,4,0,1
6436404962055386050,262.39959716796875,129.48683166503906,0.0,180.02560424804688,4,0,1
16908058667373441415,261.39959716796875,129.4863739013672,0.0,180.02560424804688,4,0,1
10989705317608243131,260.39959716796875,129.48593139648438,0.0,180.02560424804688,4,0,1
2003284675630292076,259.39959716796875,129.48548889160156,0.0,180.02560424804688,4,0,1
3012525842824049952,258.39959716796875,129.48504638671875,0.0,180.02560424804688,4,0,1
11026198771152270437,257.39959716796875,129.48458862304688,0.0,180.02560424804688,4,0,1
18353874818777594489,256.39959716796875,129.48414611816406,0.0,180.02560424804688,4,0,1
4812797446091639242,255.3996124267578,129.48370361328125,0.0,180.02560424804688,4,0,1
14686015125083489566,254.3996124267578,129.48324584960938,0.0,180.02560424804688,4,0,1
5735929508871136035,253.3996124267578,129.48280334472656,0.0,180.02560424804688,4,0,1
7615645090361226839,252.3996124267578,129.48236083984375,0.0,180.02560424804688,4,0,1
953979223477852616,251.3996124267578,129.48191833496094,0.0,180.02560424804688,4,0,1
12083929246349969404,250.3996124267578,129.48146057128906,0.0,180.02560424804688,4,0,1
14722668741429897985,249.3996124267578,129.48101806640625,0.0,180.02560424804688,4,0,1
13495784030039466933,248.3996124267578,129.48057556152344,0.0,180.02560424804688,4,0,1
15131703097108443302,247.3996124267578,129.48011779785156,0.0,180.02560424804688,4,0,1
7574467661089147226,246.3996124267578,129.47967529296875,0.0,180.02560424804688,4,0,1
15483354718546290783,245.3996124267578,129.47923278808594,0.0,180.02560424804688,4,0,1
16628229184762819507,244.3996124267578,129.47879028320312,0.0,180.02560424804688,4,0,1
14618741184683637604,243.3996124267578,129.47833251953125,0.0,180.02560424804688,4,0,1
10743063133953769112,242.3996124267578,129.47789001464844,0.0,180.02560424804688,4,0,1
3130556920011029597,241.3996124267578,129.47744750976562,0.0,180.02560424804688,4,0,1
5034440407883016849,240.3996124267578,129.47698974609375,0.0,180.02560424804688,4,0,1
10677517605204595522,239.3996124267578,129.47654724121094,0.0,180.02560424804688,4,0,1
14015838668457421814,238.3996124267578,129.47610473632812,0.0,180.02560424804688,4,0,1
461667828586291003,237.3996124267578,129.4756622314453,0.0,180.02560424804688,4,0,1
36850207615006703,236.3996124267578,129.47520446777344,0.0,180.02560424804688,4,0,1
963562415007413408,235.3996124267578,129.47476196289062,0.0,180.02560424804688,4,0,1
13921082926429331444,234.3996124267578,129.4743194580078,0.0,180.02560424804688,4,0,1
6505298204123097593,233.3996124267578,129.47386169433594,0.0,180.02560424804688,4,0,1
13125236065792748845,232.3996124267578,129.47341918945312,0.0,180.02560424804688,4,0,1
10845033983041037470,231.3996124267578,129.4729766845703,0.0,180.02560424804688,4,0,1
17636358754036265682,230.3996124267578,129.4725341796875,0.0,180.02560424804688,4,0,1
9694416076836197847,229.3996124267578,129.47207641601562,0.0,180.02560424804688,4,0,1
2957900122759949963,228.3996124267578,129.4716339111328,0.0,180.02560424804688,4,0,1
13035231465440085884,227.3996124267578,129.47119140625,0.0,180.02560424804688,4,0,1
8642411351119626288,226.3996124267578,129.4707489013672,0.0,180.02560424804688,4,0,1
12787935625314517813,225.3996124267578,129.4702911376953,0.0,180.02560424804688,4,0,1
15355384097118031497,224.3996124267578,129.4698486328125,0.0,180.02560424804688,4,0,1
1164764376045627610,223.3996124267578,129.4694061279297,0.0,180.02560424804688,4,0,1
13455643075405257070,222.3996124267578,129.4689483642578,0.0,180.02560424804688,4,0,1
12484135974096639795,221.3996124267578,129.468505859375,0.0,180.02560424804688,4,0,1
8114188355680837991,220.3996124267578,129.4680633544922,0.0,180.02560424804688,4,0,1
10515168654445690392,219.3996124267578,129.46762084960938,0.0,180.02560424804688,4,0,1
14352090939776939724,218.3996124267578,129.4671630859375,0.0,180.02560424804688,4,0,1
584904258935720465,217.3996124267578,129.4667205810547,0.0,180.02560424804688,4,0,1
4245068922251977413,216.3996124267578,129.46627807617188,0.0,180.02560424804688,4,0,1
12018660612764213110,215.3996124267578,129.4658203125,0.0,180.02560424804688,4,0,1
4822552545315117482,214.3996124267578,129.4653778076172,0.0,180.02560424804688,4,0,1
3098585401237960559,213.3996124267578,129.46493530273438,0.0,180.02560424804688,4,0,1
8594563357739358211,212.3996124267578,129.46449279785156,0.0,180.02560424804688,4,0,1
17601392256116006772,211.3996124267578,129.4640350341797,0.0,180.02560424804688,4,0,1
7756933162347920808,210.3996124267578,129.46359252929688,0.0,180.02560424804688,4,0,1
6261698405029900461,209.3996124267578,129.46315002441406,0.0,180.02560424804688,4,0,1
12838219520725575009,208.3996124267578,129.4626922607422,0.0,180.02560424804688,4,0,1
16925663649926042194,207.3996124267578,129.46224975585938,0.0,180.02560424804688,4,0,1
14549741157303937798,206.3996124267578,129.46180725097656,0.0,180.02560424804688,4,0,1
18432984764620533259,205.3996124267578,129.46136474609375,0.0,180.02560424804688,4,0,1
8336409534137654335,204.3996124267578,129.46090698242188,0.0,180.02560424804688,4,0,1
9380479760229528496,203.3996124267578,129.46046447753906,0.0,180.02560424804688,4,0,1
16302864070269018180,202.3996124267578,129.46002197265625,0.0,180.02560424804688,4,0,1
16658086868323917321,201.3996124267578,129.45956420898438,0.0,180.02560424804688,4,0,1
10353338845362498621,200.3996124267578,129.45912170410156,0.0,180.02560424804688,4,0,1
13078526096910641390,199.3996124267578,129.45867919921875,0.0,180.02560424804688,4,0,1
15031019046210019746,198.3996124267578,129.45823669433594,0.0,180.02560424804688,4,0,1
13023932493504083175,197.3996124267578,129.45777893066406,0.0,180.02560424804688,4,0,1
14692209003832039835,196.3996124267578,129.45733642578125,0.0,180.02560424804688,4,0,1
3955250832167294540,195.3996124267578,129.45689392089844,0.0,180.02560424804688,4,0,1
14683449254166242432,194.3996124267578,129.45645141601562,0.0,180.02560424804688,4,0,1
125559415266607685,193.3996124267578,129.45599365234375,0.0,180.02560424804688,4,0,1
12901173608147301081,192.3996124267578,129.45555114746094,0.0,180.02560424804688,4,0,1
7801129064971840810,191.3996124267578,129.45510864257812,0.0,180.02560424804688,4,0,1
12879666562772530302,190.3996124267578,129.45465087890625,0.0,180.02560424804688,4,0,1
17571442905029941123,189.3996124267578,129.45420837402344,0.0,180.02560424804688,4,0,1
12457601646183026743,188.3996124267578,129.45376586914062,0.0,180.02560424804688,4,0,1
5759980570802183464,187.3996124267578,129.4533233642578,0.0,180.02560424804688,4,0,1
11982442926010004956,186.3996124267578,129.45286560058594,0.0,180.02560424804688,4,0,1
1197900793811532001,185.3996124267578,129.45242309570312,0.0,180.02560424804688,4,0,1
8532785484469277461,184.3996124267578,129.4519805908203,0.0,180.02560424804688,4,0,1
9591832552592222854,183.3996124267578,129.45152282714844,0.0,180.02560424804688,4,0,1
571569612102142269,182.3996124267578,129.45108032226562,0.0,180.02560424804688,4,0,1
10443381692056299170,181.3996124267578,129.4506378173828,0.0,180.02560424804688,4,0,1
7128028166033715867,180.3996124267578,129.4501953125,0.0,180.02560424804688,4,0,1
969854559490137472,179.3996124267578,129.44973754882812,0.0,180.02560424804688,4,0,1
6759550501601053657,178.3996124267578,129.4492950439453,0.0,180.02560424804688,4,0,1
2635153960583745918,177.3996124267578,129.4488525390625,0.0,180.02560424804688,4,0,1
14594186948068085047,176.3996124267578,129.44839477539062,0.0,180.02560424804688,4,0,1
12389914722793798364,175.3996124267578,129.4479522705078,0.0,180.02560424804688,4,0,1
1319460773143104533,174.3996124267578,129.447509765625,0.0,180.02560424804688,4,0,1
5627044300065638074,173.3996124267578,129.4470672607422,0.0,180.02560424804688,4,0,1
7954982038720905235,172.3996124267578,129.4466094970703,0.0,180.02560424804688,4,0,1
3133468550786307448,171.3996124267578,129.4461669921875,0.0,180.02560424804688,4,0,1
43353421037126001,170.3996124267578,129.4457244873047,0.0,180.02560424804688,4,0,1
15605826491965756502,169.3996124267578,129.4452667236328,0.0,180.02560424804688,4,0,1
1369951644775396687,168.3996124267578,129.44482421875,0.0,180.02560424804688,4,0,1
11408525841090316372,167.3996124267578,129.4443817138672,0.0,180.02560424804688,4,0,1
10414858950545671181,166.3996124267578,129.44393920898438,0.0,180.02560424804688,4,0,1
11003839385913428402,165.3996124267578,129.4434814453125,0.0,180.02560424804688,4,0,1
11000312510375394027,164.3996124267578,129.4430389404297,0.0,180.02560424804688,4,0,1
12751054259707592080,163.3996124267578,129.44259643554688,0.0,180.02560424804688,4,0,1
5901145421242693353,162.3996124267578,129.44215393066406,0.0,180.02560424804688,4,0,1
12661844546416774222,161.3996124267578,129.4416961669922,0.0,180.02560424804688,4,0,1
5525240821510977607,160.3996124267578,129.44125366210938,0.0,180.02560424804688,4,0,1
8176574334005134124,159.3996124267578,129.44081115722656,0.0,180.02560424804688,4,0,1
4817369326439171109,158.3996124267578,129.4403533935547,0.0,180.02560424804688,4,0,1
12669541829406297226,157.3996124267578,129.43991088867188,0.0,180.02560424804688,4,0,1
11170772256063060707,156.3996124267578,129.43946838378906,0.0,180.02560424804688,4,0,1
3818870650734461064,155.3996124267578,129.43902587890625,0.0,180.02560424804688,4,0,1
16965888124835623361,154.3996124267578,129.43856811523438,0.0,180.02560424804688,4,0,1
13719147452564552806,153.3996124267578,129.43812561035156,0.0,180.02560424804688,4,0,1
4519081560853414687,152.3996124267578,129.43768310546875,0.0,180.02560424804688,4,0,1
7783004691258659620,151.3996124267578,129.43722534179688,0.0,180.02560424804688,4,0,1
15947160174922063645,150.3996124267578,129.43678283691406,0.0,180.02560424804688,4,0,1
2147286964731513346,149.3996124267578,129.43634033203125,0.0,180.02560424804688,4,0,1
11855503162082896635,148.3996124267578,129.43589782714844,0.0,180.02560424804688,4,0,1
3343381205879819104,147.3996124267578,129.43544006347656,0.0,180.02560424804688,4,0,1
3625302031521790393,146.3996124267578,129.43499755859375,0.0,180.02560424804688,4,0,1
10098138868296040286,145.3996124267578,129.43455505371094,0.0,180.02560424804688,4,0,1
2841307489415116951,144.3996124267578,129.43409729003906,0.0,180.02560424804688,4,0,1
10223764637871747900,143.3996124267578,129.43365478515625,0.0,180.02560424804688,4,0,1
4608571122409994741,142.3996124267578,129.43321228027344,0.0,180.02560424804688,4,0,1
6493821708515058777,141.3996124267578,129.43276977539062,0.0,180.02560424804688,4,0,1
16199517029567796663,140.3996124267578,129.43231201171875,0.0,180.02560424804688,4,0,1
8965881526121303189,139.3996124267578,129.43186950683594,0.0,180.02560424804688,4,0,1
3310114853176721555,138.3996124267578,129.43142700195312,0.0,180.02560424804688,4,0,1
12411099042453520881,137.3996124267578,129.4309844970703,0.0,180.02560424804688,4,0,1
11254261846049148367,136.3996124267578,129.43052673339844,0.0,180.02560424804688,4,0,1
4861945510237494413,135.3996124267578,129.43008422851562,0.0,180.02560424804688,4,0,1
14762326377241248619,134.3996124267578,129.4296417236328,0.0,180.02560424804688,4,0,1
2154322676832319337,133.3996124267578,129.42918395996094,0.0,180.02560424804688,4,0,1
10421682078743230663,132.3996124267578,129.42874145507812,0.0,180.02560424804688,4,0,1
12569280617432564901,131.3996124267578,129.4282989501953,0.0,180.02560424804688,4,0,1
6118096672087462755,130.3996124267578,129.4278564453125,0.0,180.02560424804688,4,0,1
5194541405872327233,129.3996124267578,129.42739868164062,0.0,180.02560424804688,4,0,1
15776150171683343263,128.3996124267578,129.4269561767578,0.0,180.02560424804688,4,0,1
545271018803589021,127.39961242675781,129.426513671875,0.0,180.02560424804688,4,0,1
3893815492069636987,126.39961242675781,129.42605590820312,0.0,180.02560424804688,4,0,1
2490980284352920121,125.39961242675781,129.4256134033203,0.0,180.02560424804688,4,0,1
4280369507289641239,124.39961242675781,129.4251708984375,0.0,180.02560424804688,4,0,1
2101589573275578997,123.39961242675781,129.4247283935547,0.0,180.02560424804688,4,0,1
9122424961068443251,122.39961242675781,129.4242706298828,0.0,180.02560424804688,4,0,1
8913325861377109775,121.39961242675781,129.423828125,0.0,180.02560424804688,4,0,1
3523585651676834219,120.39961242675781,129.4233856201172,0.0,180.02560424804688,4,0,1
16773688084172758791,119.39961242675781,129.4229278564453,0.0,180.02560424804688,4,0,1
12099924766685570211,118.39961242675781,129.4224853515625,0.0,180.02560424804688,4,0,1
4547894389001400799,117.39961242675781,129.4220428466797,0.0,180.02560424804688,4,0,1
17839646616080145595,116.39961242675781,129.42160034179688,0.0,180.02560424804688,4,0,1
823518101815670615,115.39961242675781,129.421142578125,0.0,180.02560424804688,4,0,1
630979166768876723,114.39961242675781,129.4207000732422,0.0,180.02560424804688,4,0,1
14729781595867268335,113.39961242675781,129.42025756835938,0.0,180.02560424804688,4,0,1
14602221326432214923,112.39961242675781,129.4197998046875,0.0,180.02560424804688,4,0,1
10560864071078924055,111.39961242675781,129.4193572998047,0.0,180.02560424804688,4,0,1
9570373730201231791,110.39961242675781,129.41891479492188,0.0,180.02560424804688,4,0,1
3844001028011255591,109.39961242675781,129.41847229003906,0.0,180.02560424804688,4,0,1
5127458829133593087,108.39961242675781,129.4180145263672,0.0,180.02560424804688,4,0,1
4372796029399528695,107.39961242675781,129.41757202148438,0.0,180.02560424804688,4,0,1
7514424779734178915,106.39961242675781,129.41712951660156,0.0,180.02560424804688,4,0,1
13873322573720276851,105.39961242675781,129.41668701171875,0.0,180.02560424804688,4,0,1
6626215563505612739,104.39961242675781,129.41622924804688,0.0,180.02560424804688,4,0,1
16405798090176945415,103.39961242675781,129.41578674316406,0.0,180.02560424804688,4,0,1
235135848976567496,102.39961242675781,129.41534423828125,0.0,180.02560424804688,4,0,1
16398055577224157418,101.39961242675781,129.41488647460938,0.0,-179.97439575195312,159,0,-1
10588339783729695600,100.39961242675781,129.41444396972656,0.0,-179.97439575195312,159,0,-1
4856677297942074450,99.39961242675781,129.41400146484375,0.0,-179.97439575195312,159,0,-1
12265270274434929844,98.39961242675781,129.41355895996094,0.0,-179.97439575195312,159,0,-1
434160200160054575,97.23822021484375,129.44546508789062,0.0,-184.622802734375,159,0,-1
3455458755599784735,95.99773406982422,129.6256866455078,0.0,-191.90953063964844,159,0,-1
12481546177705405996,94.79013061523438,129.96180725097656,0.0,-199.19625854492188,159,0,-1
18076713693415049892,93.63490295410156,130.44834899902344,0.0,-206.4829864501953,159,0,-1
8486062440436551964,92.55071258544922,131.07749938964844,0.0,-213.7696990966797,159,0,-1
3149823783847936404,91.5550765991211,131.8390655517578,0.0,-221.0564422607422,159,0,-1
3754408753044738828,90.65463256835938,132.73634338378906,0.0,131.1469268798828,159,0,-1
5422571610299739886,89.8828125,133.75506591796875,0.0,123.15033721923828,159,0,-1
15520494994723896914,89.26021575927734,134.87127685546875,0.0,115.15377044677734,159,0,-1
3599364739785301862,88.7989501953125,136.063232421875,0.0,107.15719604492188,159,0,-1
8665080287783754442,88.50798797607422,137.30775451660156,0.0,99.1606216430664,159,0,-1
4081618451868209374,88.39299011230469,138.58067321777344,0.0,91.16404724121094,159,0,-1
12172898318380917058,88.39122772216797,139.62159729003906,0.0,89.99127960205078,159,0,-1
9919915664550991702,88.3913803100586,140.62159729003906,0.0,89.99127960205078,159,0,-1
12767921180989051322,88.39153289794922,141.62159729003906,0.0,89.99127960205078,159,0,-1
5246038176143458034,88.39168548583984,142.6218719482422,0.0,89.99127960205078,23,0,-1
6152801577711979478,88.39183807373047,143.6218719482422,0.0,89.99127960205078,23,0,-1
824355683170002395,88.3919906616211,144.6218719482422,0.0,89.99127960205078,23,0,-1
1277038893881123290,88.39213562011719,145.6218719482422,0.0,89.99127960205078,23,0,-1
1494451384634043370,88.39228820800781,146.6218719482422,0.0,89.99127960205078,23,0,-1
10542322409331059183,88.39244079589844,147.6218719482422,0.0,89.99127960205078,23,0,-1
12031979300160367126,88.39259338378906,148.6218719482422,0.0,89.99127960205078,23,0,-1
587001810955722830,88.39274597167969,149.6218719482422,0.0,89.99127960205078,23,0,-1
3895767240215453478,88.39289855957031,150.6218719482422,0.0,89.99127960205078,23,0,-1
2169107816828075358,88.39305114746094,151.6218719482422,0.0,89.99127960205078,23,0,-1
10957864944144111470,88.39320373535156,152.6218719482422,0.0,89.99127960205078,23,0,-1
6133941730966638506,88.39335632324219,153.6218719482422,0.0,89.99127960205078,23,0,-1
18061013372928000070,88.39350891113281,154.6218719482422,0.0,89.99127960205078,23,0,-1
16783602884390929378,88.39366149902344,155.6218719482422,0.0,89.99127960205078,23,0,-1
9552437380541428862,88.39381408691406,156.6218719482422,0.0,89.99127960205078,23,0,-1
17556233807931307962,88.39396667480469,157.6218719482422,0.0,89.99127960205078,23,0,-1
3308000522763599190,88.39411163330078,158.6218719482422,0.0,89.99127960205078,23,0,-1
17552590651428204018,88.3942642211914,159.6218719482422,0.0,89.99127960205078,23,0,-1
5330028409292091790,88.39441680908203,160.6218719482422,0.0,89.99127960205078,23,0,-1
18092146813366473930,88.39456939697266,161.6218719482422,0.0,89.99127960205078,23,0,-1
17639829447195684804,88.39472198486328,162.6218719482422,0.0,89.99127960205078,23,0,-1
3051931260215265206,88.3948745727539,163.6218719482422,0.0,89.99127960205078,23,0,-1
1259673804235623936,88.39502716064453,164.6218719482422,0.0,89.99127960205078,23,0,-1
5071921405521987666,88.39517974853516,165.6218719482422,0.0,89.99127960205078,23,0,-1
16281503994535493276,88.39533233642578,166.6218719482422,0.0,89.99127960205078,23,0,-1
5725161548053477614,88.3954849243164,167.6218719482422,0.0,89.99127960205078,23,0,-1
7820173202953061432,88.39563751220703,168.6218719482422,0.0,89.99127960205078,23,0,-1
17013392588090191658,88.39579010009766,169.6218719482422,0.0,89.99127960205078,23,0,-1
17035030778722618580,88.39594268798828,170.6218719482422,0.0,89.99127960205078,23,0,-1
11924348537103421382,88.39608764648438,171.6218719482422,0.0,89.99127960205078,23,0,-1
8746142158475603984,88.396240234375,172.6218719482422,0.0,89.99127960205078,23,0,-1
17764294267838076258,88.39639282226562,173.6218719482422,0.0,89.99127960205078,23,0,-1
10087072962471005100,88.39654541015625,174.62188720703125,0.0,89.99127960205078,23,0,-1
5784952608035210750,88.39669799804688,175.62188720703125,0.0,89.99127960205078,23,0,-1
14450101148478327880,88.3968505859375,176.62188720703125,0.0,89.99127960205078,23,0,-1
12831236034130295098,88.39700317382812,177.62188720703125,0.0,89.99127960205078,23,0,-1
6361556900482273764,88.39715576171875,178.62188720703125,0.0,89.99127960205078,23,0,-1
14245993665056603350,88.39730834960938,179.62188720703125,0.0,89.99127960205078,23,0,-1
8302577370057743648,88.3974609375,180.62188720703125,0.0,89.99127960205078,23,0,-1
1096957396195306866,88.39761352539062,181.62188720703125,0.0,89.99127960205078,23,0,-1
13722979143226031548,88.39776611328125,182.62188720703125,0.0,89.99127960205078,23,0,-1
3452961515194859134,88.39791870117188,183.62188720703125,0.0,89.99127960205078,23,0,-1
16869757757729860215,88.39806365966797,184.62188720703125,0.0,89.99127960205078,23,0,-1
18233420208864812744,88.3982162475586,185.62188720703125,0.0,89.99127960205078,23,0,-1
16344147735101777810,88.39836883544922,186.6218719482422,0.0,89.99127960205078,138,0,-1
8033123178810394186,88.39852142333984,187.6218719482422,0.0,89.99127960205078,138,0,-1
5774284714298190954,88.39867401123047,188.6218719482422,0.0,89.99127960205078,138,0,-1
11564375048516796065,88.41987609863281,189.7506561279297,0.0,86.2894515991211,138,0,-1
5400791702687857713,88.5773696899414,190.98745727539062,0.0,79.19646453857422,138,0,-1
4773023185647049627,88.88638305664062,192.1953582763672,0.0,72.10347747802734,138,0,-1
6560136899437248547,89.3421859741211,193.35586547851562,0.0,65.01049041748047,138,0,-1
5704017969132624171,89.93778991699219,194.45120239257812,0.0,57.91749572753906,138,0,-1
15696726968517524915,90.66409301757812,195.464599609375,0.0,50.82451248168945,138,0,-1
10479153816820842939,91.5105972290039,196.38108825683594,0.0,43.70783996582031,138,0,-1
11340785299007330886,92.46702575683594,197.1866912841797,0.0,36.507835388183594,138,0,-1
5551538421194523570,93.51687622070312,197.86607360839844,0.0,29.307830810546875,138,0,-1
15821712605606936270,94.64360809326172,198.4085235595703,0.0,22.10782814025879,138,0,-1
12677122153011442362,95.82943725585938,198.80548095703125,0.0,14.90782642364502,138,0,-1
1242799271570703062,97.0556640625,199.05068969726562,0.0,7.707821846008301,138,0,-1
15161979516374499650,98.30296325683594,199.1402587890625,0.0,0.5078186392784119,138,0,-1
14937088032774345054,99.32051849365234,199.14071655273438,0.0,0.004655823577195406,138,0,-1
11416368273550403018,100.32051849365234,199.1407928466797,0.0,0.004655823577195406,138,0,-1
3311955549056876646,101.32051849365234,199.14088439941406,0.0,0.004655823577195406,138,0,-1
8206624766707052904,102.32083892822266,199.14096069335938,0.0,0.004655823577195406,12,0,-1
10030027350826208030,103.32083892822266,199.1410369873047,0.0,0.004655823577195406,12,0,-1
8087190435099889286,104.32083892822266,199.14111328125,0.0,0.004655823577195406,12,0,-1
18266748574751453881,105.32083892822266,199.14120483398438,0.0,0.004655823577195406,12,0,-1
7937527227364968521,106.32083892822266,199.1412811279297,0.0,0.004655823577195406,12,0,-1
1271374066272993503,107.32083892822266,199.141357421875,0.0,0.004655823577195406,12,0,-1
1513258745833309079,108.32083892822266,199.14144897460938,0.0,0.004655823577195406,12,0,-1
8169548755539465839,109.32083892822266,199.1415252685547,0.0,0.004655823577195406,12,0,-1
18417472577849524519,110.32083892822266,199.1416015625,0.0,0.004655823577195406,12,0,-1
727457207212289023,111.32083892822266,199.14169311523438,0.0,0.004655823577195406,12,0,-1
3412958716233738834,112.32083892822266,199.1417694091797,0.0,0.004655823577195406,12,0,-1
229159662099798118,113.32083892822266,199.141845703125,0.0,0.004655823577195406,12,0,-1
12730879761597101354,114.32083892822266,199.14193725585938,0.0,0.004655823577195406,12,0,-1
2438846223925368990,115.32083892822266,199.1420135498047,0.0,0.004655823577195406,12,0,-1
6887283579847751010,116.32083892822266,199.14208984375,0.0,0.004655823577195406,12,0,-1
4876308488171502745,117.32083892822266,199.14218139648438,0.0,0.004655823577195406,12,0,-1
4912082193341815133,118.32083892822266,199.1422576904297,0.0,0.004655823577195406,12,0,-1
16580855945834631025,119.32083892822266,199.142333984375,0.0,0.004655823577195406,12,0,-1
5790403985196149813,120.32083892822266,199.14242553710938,0.0,0.004655823577195406,12,0,-1
499833136192844329,121.32083892822266,199.1425018310547,0.0,0.004655823577195406,12,0,-1
6874393361117298897,122.32083892822266,199.142578125,0.0,0.004655823577195406,12,0,-1
6369779136868706039,123.32083892822266,199.14266967773438,0.0,0.004655823577195406,12,0,-1
7684847488434834837,124.32083892822266,199.1427459716797,0.0,0.004655823577195406,12,0,-1
13948427200850550027,125.32083892822266,199.142822265625,0.0,0.004655823577195406,12,0,-1
14652730400028512521,126.32083892822266,199.14291381835938,0.0,0.004655823577195406,12,0,-1
8784919356012551247,127.32083892822266,199.1429901123047,0.0,0.004655823577195406,12,0,-1
11095039839458461133,128.32083129882812,199.14306640625,0.0,0.004655823577195406,12,0,-1
4027970073648271299,129.32083129882812,199.14315795898438,0.0,0.004655823577195406,12,0,-1
1046394558400572385,130.32083129882812,199.1432342529297,0.0,0.004655823577195406,12,0,-1
2444051038481378439,131.32083129882812,199.143310546875,0.0,0.004655823577195406,12,0,-1
4061364869234938661,132.32083129882812,199.14340209960938,0.0,0.004655823577195406,12,0,-1
5834708058145383067,133.32083129882812,199.1434783935547,0.0,0.004655823577195406,12,0,-1
15894502348591928985,134.32083129882812,199.1435546875,0.0,0.004655823577195406,12,0,-1
10588706455160975199,135.32083129882812,199.14364624023438,0.0,0.004655823577195406,12,0,-1
3632012584737170269,136.32083129882812,199.1437225341797,0.0,0.004655823577195406,12,0,-1
6988610256438146387,137.32083129882812,199.143798828125,0.0,0.004655823577195406,12,0,-1
16760652431994278257,138.32083129882812,199.1438751220703,0.0,0.004655823577195406,12,0,-1
9913726983209521687,139.32083129882812,199.1439666748047,0.0,0.004655823577195406,12,0,-1
632790602162384437,140.32083129882812,199.14404296875,0.0,0.004655823577195406,12,0,-1
8818744733075224619,141.32083129882812,199.1441192626953,0.0,0.004655823577195406,12,0,-1
6101447907493948457,142.32083129882812,199.1442108154297,0.0,0.004655823577195406,12,0,-1
11419871337570084485,143.32083129882812,199.144287109375,0.0,0.004655823577195406,12,0,-1
17768978906314372778,144.32083129882812,199.1443634033203,0.0,0.004655823577195406,12,0,-1
8219964865787658363,145.32083129882812,199.1444549560547,0.0,0.004655823577195406,12,0,-1
6427444766851584680,146.32083129882812,199.14453125,0.0,0.004655823577195406,12,0,-1
15351335964062380537,147.32083129882812,199.1446075439453,0.0,0.004655823577195406,12,0,-1
13869589781116789278,148.32083129882812,199.1446990966797,0.0,0.004655823577195406,12,0,-1
10651813268527277375,149.32083129882812,199.144775390625,0.0,0.004655823577195406,12,0,-1
17884977805922584764,150.32083129882812,199.1448516845703,0.0,0.004655823577195406,12,0,-1
4912613057387387197,151.32083129882812,199.1449432373047,0.0,0.004655823577195406,12,0,-1
17652809876752713442,152.32083129882812,199.14501953125,0.0,0.004655823577195406,12,0,-1
2563349014340210867,153.32083129882812,199.1450958251953,0.0,0.004655823577195406,12,0,-1
11221821424060296576,154.32083129882812,199.1451873779297,0.0,0.004655823577195406,12,0,-1
9739819480079103825,155.32083129882812,199.145263671875,0.0,0.004655823577195406,12,0,-1
16796981860115397878,156.32083129882812,199.1453399658203,0.0,0.004655823577195406,12,0,-1
2289718442238291319,157.32083129882812,199.1454315185547,0.0,0.004655823577195406,12,0,-1
4057022646816708852,158.32083129882812,199.1455078125,0.0,0.004655823577195406,12,0,-1
11586897126500277269,159.32083129882812,199.1455841064453,0.0,0.004655823577195406,12,0,-1
1574760169095990330,160.32083129882812,199.1456756591797,0.0,0.004655823577195406,12,0,-1
8897230715841620875,161.32083129882812,199.145751953125,0.0,0.004655823577195406,12,0,-1
4111459011239554488,162.32083129882812,199.1458282470703,0.0,0.004655823577195406,12,0,-1
9190866969564247945,163.32083129882812,199.1459197998047,0.0,0.004655823577195406,12,0,-1
17968328081198673838,164.32083129882812,199.14599609375,0.0,0.004655823577195406,12,0,-1
76964602644116175,165.32083129882812,199.1460723876953,0.0,0.004655823577195406,12,0,-1
6147922023250365388,166.32083129882812,199.1461639404297,0.0,0.004655823577195406,12,0,-1
17671850104916696141,167.32083129882812,199.146240234375,0.0,0.004655823577195406,12,0,-1
11611960938184625266,168.32083129882812,199.1463165283203,0.0,0.004655823577195406,12,0,-1
1215041405784012355,169.32083129882812,199.1464080810547,0.0,0.004655823577195406,12,0,-1
14053916365874494224,170.32083129882812,199.146484375,0.0,0.004655823577195406,12,0,-1
10305903490332408417,171.32083129882812,199.1465606689453,0.0,0.004655823577195406,12,0,-1
16244958391110666886,172.32083129882812,199.1466522216797,0.0,0.004655823577195406,12,0,-1
6186895293676043015,173.32083129882812,199.146728515625,0.0,0.004655823577195406,12,0,-1
13814014479631302276,174.32083129882812,199.1468048095703,0.0,0.004655823577195406,12,0,-1
3067944347921064357,175.32083129882812,199.1468963623047,0.0,0.004655823577195406,12,0,-1
3772110372087615306,176.32083129882812,199.14697265625,0.0,0.004655823577195406,12,0,-1
339791687016823067,177.32083129882812,199.1470489501953,0.0,0.004655823577195406,12,0,-1
3612999848420787016,178.32083129882812,199.1471405029297,0.0,0.004655823577195406,12,0,-1
8197834196713762073,179.32083129882812,199.147216796875,0.0,0.004655823577195406,12,0,-1
16468103677091601726,180.32083129882812,199.1472930908203,0.0,0.004655823577195406,12,0,-1
8451434001421587935,181.32083129882812,199.14736938476562,0.0,0.004655823577195406,12,0,-1
16400046912905810268,182.32083129882812,199.1474609375,0.0,0.004655823577195406,12,0,-1
12700704490889431517,183.32083129882812,199.1475372314453,0.0,0.004655823577195406,12,0,-1
12823453190680081105,184.32083129882812,199.14761352539062,0.0,0.004655823577195406,12,0,-1
16674654369062313386,185.32083129882812,199.147705078125,0.0,0.004655823577195406,12,0,-1
15596862821395053686,186.32083129882812,199.1477813720703,0.0,0.004655823577195406,12,0,-1
13153639372852782971,187.32083129882812,199.14785766601562,0.0,0.004655823577195406,12,0,-1
2579332005653409015,188.32083129882812,199.14794921875,0.0,0.004655823577195406,12,0,-1
6549579452765317544,189.32083129882812,199.1480255126953,0.0,0.004655823577195406,12,0,-1
3839078576551850100,190.32083129882812,199.14810180664062,0.0,0.004655823577195406,12,0,-1
13146155156741082361,191.32083129882812,199.148193359375,0.0,0.004655823577195406,12,0,-1
11026916043281242005,192.32083129882812,199.1482696533203,0.0,0.004655823577195406,12,0,-1
14759978812296494366,193.32083129882812,199.14834594726562,0.0,0.004655823577195406,12,0,-1
1974342732960958394,194.32083129882812,199.1484375,0.0,0.004655823577195406,12,0,-1
17960552019554263103,195.32083129882812,199.1485137939453,0.0,0.004655823577195406,12,0,-1
10172503258911663883,196.32083129882812,199.14859008789062,0.0,0.004655823577195406,12,0,-1
6160329316071139260,197.32083129882812,199.148681640625,0.0,0.004655823577195406,12,0,-1
14294203760078091576,198.32083129882812,199.1487579345703,0.0,0.004655823577195406,12,0,-1
8720086025195993149,199.32083129882812,199.14883422851562,0.0,0.004655823577195406,12,0,-1
1239749460228726537,200.32083129882812,199.14892578125,0.0,0.004655823577195406,12,0,-1
9148350135357734370,201.32083129882812,199.1490020751953,0.0,0.004655823577195406,12,0,-1
15437605660362034990,202.32083129882812,199.14907836914062,0.0,0.004655823577195406,12,0,-1
16503099923655199667,203.32083129882812,199.149169921875,0.0,0.004655823577195406,12,0,-1
2489470357433333327,204.32083129882812,199.1492462158203,0.0,0.004655823577195406,12,0,-1
8764889620925876352,205.32083129882812,199.14932250976562,0.0,0.004655823577195406,12,0,-1
15420342650997075788,206.32083129882812,199.1494140625,0.0,0.004655823577195406,12,0,-1
4272178905481187921,207.32083129882812,199.1494903564453,0.0,0.004655823577195406,12,0,-1
5740005466068230093,208.32083129882812,199.14956665039062,0.0,0.004655823577195406,12,0,-1
14729922592105313561,209.32083129882812,199.149658203125,0.0,0.004655823577195406,12,0,-1
15986960105906090994,210.32083129882812,199.1497344970703,0.0,0.004655823577195406,12,0,-1
5823933141090452798,211.32083129882812,199.14981079101562,0.0,0.004655823577195406,12,0,-1
1387771425408220611,212.32083129882812,199.14990234375,0.0,0.004655823577195406,12,0,-1
12208692381964647903,213.32083129882812,199.1499786376953,0.0,0.004655823577195406,12,0,-1
7507051684739340944,214.32083129882812,199.15005493164062,0.0,0.004655823577195406,12,0,-1
2085760228007532892,215.32083129882812,199.150146484375,0.0,0.004655823577195406,12,0,-1
14238704906474577377,216.32083129882812,199.1502227783203,0.0,0.004655823577195406,12,0,-1
7637273587173256669,217.32083129882812,199.15029907226562,0.0,0.004655823577195406,12,0,-1
9875913914516360710,218.32083129882812,199.150390625,0.0,0.004655823577195406,12,0,-1
2197339995662237186,219.32083129882812,199.1504669189453,0.0,0.004655823577195406,12,0,-1
17283704536704327303,220.32083129882812,199.15054321289062,0.0,0.004655823577195406,12,0,-1
12652789404043044819,221.32083129882812,199.15061950683594,0.0,0.004655823577195406,12,0,-1
18215355086640668164,222.32083129882812,199.1507110595703,0.0,0.004655823577195406,12,0,-1
18064719941591678496,223.32083129882812,199.15078735351562,0.0,0.004655823577195406,12,0,-1
13160652179423404325,224.32083129882812,199.15086364746094,0.0,0.004655823577195406,12,0,-1
12247927067961829361,225.32083129882812,199.1509552001953,0.0,0.004655823577195406,12,0,-1
5744165918478911178,226.32083129882812,199.15103149414062,0.0,0.004655823577195406,12,0,-1
15605251459385653270,227.32083129882812,199.15110778808594,0.0,0.004655823577195406,12,0,-1
18283822175113655451,228.32083129882812,199.1511993408203,0.0,0.004655823577195406,12,0,-1
661257958362598551,229.32083129882812,199.15127563476562,0.0,0.004655823577195406,12,0,-1
14242178522123140808,230.3208465576172,199.15135192871094,0.0,0.004655823577195406,12,0,-1
17563148893571223572,231.3208465576172,199.1514434814453,0.0,0.004655823577195406,12,0,-1
14501076938278725785,232.3208465576172,199.15151977539062,0.0,0.004655823577195406,12,0,-1
11571868987948894389,233.3208465576172,199.15159606933594,0.0,0.004655823577195406,12,0,-1
402005433093954750,234.3208465576172,199.1516876220703,0.0,0.004655823577195406,12,0,-1
14343928749922884826,235.3208465576172,199.15176391601562,0.0,0.004655823577195406,12,0,-1
1548491531188401503,236.3208465576172,199.15184020996094,0.0,0.004655823577195406,12,0,-1
6015588990341637803,237.3208465576172,199.1519317626953,0.0,0.004655823577195406,12,0,-1
13072827742564677852,238.3208465576172,199.15200805664062,0.0,0.004655823577195406,12,0,-1
12602703547485057240,239.3208465576172,199.15208435058594,0.0,0.004655823577195406,12,0,-1
5275223542827543901,240.3208465576172,199.1521759033203,0.0,0.004655823577195406,12,0,-1
1078217208283872937,241.3208465576172,199.15225219726562,0.0,0.004655823577195406,12,0,-1
10457977608642395522,242.3208465576172,199.15232849121094,0.0,0.004655823577195406,12,0,-1
9601385854304150606,243.3208465576172,199.1524200439453,0.0,0.004655823577195406,12,0,-1
2207568429294618451,244.3208465576172,199.15249633789062,0.0,0.004655823577195406,12,0,-1
979840947347081071,245.3208465576172,199.15257263183594,0.0,0.004655823577195406,12,0,-1
17099033229913488800,246.3208465576172,199.1526641845703,0.0,0.004655823577195406,12,0,-1
12410880935307251436,247.3208465576172,199.15274047851562,0.0,0.004655823577195406,12,0,-1
13997192781090875249,248.3208465576172,199.15281677246094,0.0,0.004655823577195406,12,0,-1
6438470271429312365,249.3208465576172,199.1529083251953,0.0,0.004655823577195406,12,0,-1
10922027070040807318,250.3208465576172,199.15298461914062,0.0,0.004655823577195406,12,0,-1
17877974278684012434,251.3208465576172,199.15306091308594,0.0,0.004655823577195406,12,0,-1
16093285162510068759,252.3208465576172,199.1531524658203,0.0,0.004655823577195406,12,0,-1
6446288847810065123,253.3208465576172,199.15322875976562,0.0,0.004655823577195406,12,0,-1
902433530866503572,254.3208465576172,199.15330505371094,0.0,0.004655823577195406,12,0,-1
14427042013937059760,255.3208465576172,199.1533966064453,0.0,0.004655823577195406,12,0,-1
1455631324180088885,256.32086181640625,199.15347290039062,0.0,0.004655823577195406,12,0,-1
12776004318522478977,257.32086181640625,199.15354919433594,0.0,0.004655823577195406,12,0,-1
11328977491688470618,258.32086181640625,199.1536407470703,0.0,0.004655823577195406,12,0,-1
806171869774972326,259.32086181640625,199.15371704101562,0.0,0.004655823577195406,12,0,-1
3192168159185372715,260.32086181640625,199.15379333496094,0.0,0.004655823577195406,12,0,-1
7634225308827203111,261.32086181640625,199.1538848876953,0.0,0.004655823577195406,12,0,-1
2733232089410570328,262.32086181640625,199.15396118164062,0.0,0.004655823577195406,12,0,-1
2994184590746177316,263.32086181640625,199.15403747558594,0.0,0.004655823577195406,12,0,-1
9745481314974593577,264.32086181640625,199.15411376953125,0.0,0.004655823577195406,12,0,-1
15381444103710081939,265.32086181640625,199.15420532226562,0.0,0.004655823577195406,12,0,-1
10070482949865387189,266.32086181640625,199.15428161621094,0.0,0.004655823577195406,12,0,-1
12474736888043418543,267.32086181640625,199.15435791015625,0.0,0.004655823577195406,12,0,-1
15789736286313292801,268.32086181640625,199.15444946289062,0.0,0.004655823577195406,12,0,-1
15633903593244494816,269.32086181640625,199.15452575683594,0.0,0.004655823577195406,12,0,-1
15026722181850235610,270.32086181640625,199.15460205078125,0.0,0.004655823577195406,12,0,-1
17782045076261193004,271.32086181640625,199.15469360351562,0.0,0.004655823577195406,12,0,-1
828547144495543334,272.32086181640625,199.15476989746094,0.0,0.004655823577195406,12,0,-1
12649279510083618225,273.32086181640625,199.15484619140625,0.0,0.004655823577195406,12,0,-1
4844360482148446891,274.32086181640625,199.15493774414062,0.0,0.004655823577195406,12,0,-1
13010556705473211309,275.32086181640625,199.15501403808594,0.0,0.004655823577195406,12,0,-1
16238847961399388839,276.32086181640625,199.15509033203125,0.0,0.004655823577195406,12,0,-1
8125667115809596374,277.32086181640625,199.15518188476562,0.0,0.004655823577195406,12,0,-1
16094412054299925720,278.32086181640625,199.15525817871094,0.0,0.004655823577195406,12,0,-1
7874829674252667858,279.32086181640625,199.15533447265625,0.0,0.004655823577195406,12,0,-1
9161714612142662052,280.32086181640625,199.15542602539062,0.0,0.004655823577195406,12,0,-1
15846803686224085591,281.32086181640625,199.15550231933594,0.0,0.004655823577195406,12,0,-1
6241023953161782441,282.32086181640625,199.15557861328125,0.0,0.004655823577195406,12,0,-1
12648021248449763619,283.32086181640625,199.15567016601562,0.0,0.004655823577195406,12,0,-1
15531062525973873861,284.32086181640625,199.15574645996094,0.0,0.004655823577195406,12,0,-1
17163777701876790740,285.32086181640625,199.15582275390625,0.0,0.004655823577195406,12,0,-1
1609599542375190606,286.32086181640625,199.15591430664062,0.0,0.004655823577195406,12,0,-1
17669309558837087216,287.32086181640625,199.15599060058594,0.0,0.004655823577195406,12,0,-1
13584509395031505642,288.32086181640625,199.15606689453125,0.0,0.004655823577195406,12,0,-1
10055038956383810677,289.32086181640625,199.15615844726562,0.0,0.004655823577195406,12,0,-1
8837049699713184623,290.32086181640625,199.15623474121094,0.0,0.004655823577195406,12,0,-1
17701464727357384129,291.32086181640625,199.15631103515625,0.0,0.004655823577195406,12,0,-1
16297072645161067195,292.32086181640625,199.15640258789062,0.0,0.004655823577195406,12,0,-1
5676786516961268378,293.32086181640625,199.15647888183594,0.0,0.004655823577195406,12,0,-1
15590023644117161196,294.32086181640625,199.15655517578125,0.0,0.004655823577195406,12,0,-1
13579672455767278566,295.32086181640625,199.15664672851562,0.0,0.004655823577195406,12,0,-1
3471343360355691752,296.32086181640625,199.15672302246094,0.0,0.004655823577195406,12,0,-1
13101120575615691883,297.32086181640625,199.15679931640625,0.0,0.004655823577195406,12,0,-1
18256689906773609325,298.32086181640625,199.15689086914062,0.0,0.004655823577195406,12,0,-1
16972017999308718695,299.32086181640625,199.15696716308594,0.0,0.004655823577195406,12,0,-1
15832417840766503481,300.32086181640625,199.15704345703125,0.0,0.004655823577195406,12,0,-1
12969804251258637464,301.32086181640625,199.15713500976562,0.0,0.004655823577195406,12,0,-1
17757412693376727954,302.32086181640625,199.15721130371094,0.0,0.004655823577195406,12,0,-1
443778268087036772,303.32086181640625,199.15728759765625,0.0,0.004655823577195406,12,0,-1
10316751853072646238,304.32086181640625,199.15737915039062,0.0,0.004655823577195406,12,0,-1
12471836719159886953,305.32086181640625,199.15745544433594,0.0,0.004655823577195406,12,0,-1
10118971135500490979,306.32086181640625,199.15753173828125,0.0,0.004655823577195406,12,0,-1
4706524724154877061,307.32086181640625,199.15760803222656,0.0,0.004655823577195406,12,0,-1
6917505957598184319,308.32086181640625,199.15769958496094,0.0,0.004655823577195406,12,0,-1
16548333017058826766,309.32086181640625,199.15777587890625,0.0,0.004655823577195406,12,0,-1
17308331961907614640,310.32086181640625,199.15785217285156,0.0,0.004655823577195406,12,0,-1
15476141026516079274,311.32086181640625,199.15794372558594,0.0,0.004655823577195406,12,0,-1
13769366557315663100,312.32086181640625,199.15802001953125,0.0,0.004655823577195406,12,0,-1
12195032739501889910,313.32086181640625,199.15809631347656,0.0,0.004655823577195406,12,0,-1
5040494866710551937,314.32086181640625,199.15818786621094,0.0,0.004655823577195406,12,0,-1
3452904455738281083,315.32086181640625,199.15826416015625,0.0,0.004655823577195406,12,0,-1
12276851190509827453,316.32086181640625,199.15834045410156,0.0,0.004655823577195406,12,0,-1
7059304042238255095,317.32086181640625,199.15843200683594,0.0,0.004655823577195406,12,0,-1
14755319223411471270,318.32086181640625,199.15850830078125,0.0,0.004655823577195406,12,0,-1
3031273890260331688,319.32086181640625,199.15858459472656,0.0,0.004655823577195406,12,0,-1
13932392262763176226,320.32086181640625,199.15867614746094,0.0,0.004655823577195406,12,0,-1
6700499573112607604,321.32086181640625,199.15875244140625,0.0,0.004655823577195406,12,0,-1
2028651364816544807,322.32086181640625,199.15882873535156,0.0,0.004655823577195406,12,0,-1
6732376788242307577,323.32086181640625,199.15892028808594,0.0,0.004655823577195406,12,0,-1
4350817556774930675,324.32086181640625,199.15899658203125,0.0,0.004655823577195406,12,0,-1
16085342150182921365,325.32086181640625,199.15907287597656,0.0,0.004655823577195406,12,0,-1
8522780608724421506,326.3208312988281,199.15916442871094,0.0,0.004655823577195406,100,0,-1
5195078169047563699,327.3208312988281,199.1592559814453,0.0,0.004655823577195406,100,0,-1
9201254367920377178,328.3775634765625,199.15516662597656,0.0,-1.6224005222320557,100,0,-1
13340486739591315562,329.6131286621094,199.04541015625,0.0,-8.53105640411377,100,0,-1
8742585259067618170,330.82647705078125,198.78782653808594,0.0,-15.439711570739746,100,0,-1
10156497915138715027,332.00006103515625,198.3861541748047,0.0,-22.34836769104004,100,0,-1
4334209178449826331,333.1167907714844,197.8462371826172,0.0,-29.25702476501465,100,0,-1
18057621714123890851,334.16046142578125,197.17591857910156,0.0,-36.165679931640625,100,0,-1
9191306581226417963,335.115966796875,196.38491821289062,0.0,-43.074337005615234,100,0,-1
7625174606215091123,335.96453857421875,195.49102783203125,0.0,-49.756778717041016,100,0,-1
12556280745982320650,336.69329833984375,194.5363311767578,0.0,-55.53113555908203,100,0,-1
11551726833953110694,337.32232666015625,193.51316833496094,0.0,-61.30549240112305,100,0,-1
6866048207088283282,337.84521484375,192.43190002441406,0.0,-67.07984924316406,100,0,-1
10539890908929318702,338.2566223144531,191.3035125732422,0.0,-72.85420989990234,100,0,-1
17794868306316006170,338.5524597167969,190.1394500732422,0.0,-78.6285629272461,100,0,-1
15909373516060241334,338.72967529296875,188.95155334472656,0.0,-84.40292358398438,100,0,-1
12317257762609881506,338.7865295410156,187.7592315673828,0.0,-89.96538543701172,100,0,-1
802377324055133246,338.7871398925781,186.7592315673828,0.0,-89.96538543701172,100,0,-1
15088585206473492010,338.7877197265625,185.7592315673828,0.0,-89.96538543701172,100,0,-1
14649589186939568371,338.788330078125,184.75888061523438,0.0,270.03460693359375,18,0,1
14029585444114521913,338.7889404296875,183.75888061523438,0.0,270.03460693359375,18,0,1
1830181237863756415,338.7895202636719,182.75888061523438,0.0,270.03460693359375,18,0,1
3804727989327758493,338.7901306152344,181.75888061523438,0.0,270.03460693359375,18,0,1
17037473859262955155,338.7907409667969,180.75888061523438,0.0,270.03460693359375,18,0,1
17092167446520216241,338.7913513183594,179.75888061523438,0.0,270.03460693359375,18,0,1
3025390505565169335,338.79193115234375,178.75888061523438,0.0,270.03460693359375,18,0,1
2219500457728765269,338.79254150390625,177.75888061523438,0.0,270.03460693359375,18,0,1
13596873381903815371,338.79315185546875,176.75888061523438,0.0,270.03460693359375,18,0,1
1792185102450350441,338.79376220703125,175.75888061523438,0.0,270.03460693359375,18,0,1
8278513577254658607,338.79437255859375,174.75888061523438,0.0,270.03460693359375,18,0,1
9533415244592060813,338.7949523925781,173.75888061523438,0.0,270.03460693359375,18,0,1
7121303351305802627,338.7955627441406,172.75888061523438,0.0,270.03460693359375,18,0,1
7177624517522990497,338.7961730957031,171.75888061523438,0.0,270.03460693359375,18,0,1
11048484930671032551,338.7967834472656,170.75888061523438,0.0,270.03460693359375,18,0,1
2826425992064824581,338.7973937988281,169.75888061523438,0.0,270.03460693359375,18,0,1
16110673151468498171,338.7979736328125,168.75888061523438,0.0,270.03460693359375,18,0,1
4210312991494114905,338.798583984375,167.75888061523438,0.0,270.03460693359375,18,0,1
703025396179479839,338.7991943359375,166.75888061523438,0.0,270.03460693359375,18,0,1
11702524146541048765,338.7998046875,165.75888061523438,0.0,270.03460693359375,18,0,1
2560798858612523827,338.8004150390625,164.75888061523438,0.0,270.03460693359375,18,0,1
7090790278456131027,338.8009948730469,163.75888061523438,0.0,270.03460693359375,18,0,1
10568733140293238263,338.8016052246094,162.75888061523438,0.0,270.03460693359375,18,0,1
10841321791398545931,338.8022155761719,161.75888061523438,0.0,270.03460693359375,18,0,1
2372101289598064495,338.8028259277344,160.75888061523438,0.0,270.03460693359375,18,0,1
3295923814170740931,338.8034362792969,159.75888061523438,0.0,270.03460693359375,18,0,1
5200153914613323815,338.80401611328125,158.75888061523438,0.0,270.03460693359375,18,0,1
2498459538464351291,338.80462646484375,157.75888061523438,0.0,270.03460693359375,18,0,1
13520717862480946271,338.80523681640625,156.75888061523438,0.0,270.03460693359375,18,0,1
14850271494165928051,338.80584716796875,155.75888061523438,0.0,270.03460693359375,18,0,1
7427562717050528535,338.8064270019531,154.75888061523438,0.0,270.03460693359375,18,0,1
10490762383862966664,338.8070373535156,153.75888061523438,0.0,270.03460693359375,18,0,1
13106318133338338683,338.8076477050781,152.75888061523438,0.0,270.03460693359375,18,0,1
18011140889515714995,338.8082580566406,151.75888061523438,0.0,270.03460693359375,18,0,1
3392447270519799915,338.8088684082031,150.75888061523438,0.0,270.03460693359375,18,0,1
13146415870244320931,338.8094482421875,149.75888061523438,0.0,270.03460693359375,18,0,1
11775825551183132668,338.81005859375,148.75888061523438,0.0,270.03460693359375,18,0,1
6382862674793884908,338.8106689453125,147.75888061523438,0.0,270.03460693359375,18,0,1
5182397566514445468,338.811279296875,146.75888061523438,0.0,270.03460693359375,18,0,1
15514288000944542894,338.8118896484375,145.75888061523438,0.0,270.03460693359375,18,0,1
2036648010292588433,338.8124694824219,144.75888061523438,0.0,270.03460693359375,18,0,1
6857494418682546418,338.8130798339844,143.75888061523438,0.0,270.03460693359375,18,0,1
13559831580627193356,338.8136901855469,142.75888061523438,0.0,270.03460693359375,154,1,1
4672260999814837780,338.8143005371094,141.75889587402344,0.0,-89.96536254882812,154,0,1
9547746534097677056,338.8149108886719,140.75889587402344,0.0,-89.96536254882812,154,0,1
6377780019411770268,338.7705078125,139.58099365234375,0.0,-95.0997314453125,154,0,1
7353224130232679048,338.59710693359375,138.3776397705078,0.0,-101.298095703125,154,0,1
13038351368695245604,338.2948303222656,137.20005798339844,0.0,-107.49642944335938,154,0,1
18235810231974544656,337.86712646484375,136.06199645996094,0.0,-113.69479370117188,154,0,1
3412932084902633644,337.319091796875,134.9767608642578,0.0,-119.89315795898438,154,0,1
16756562467927173784,336.6570739746094,133.95704650878906,0.0,-126.09149169921875,154,0,1
13754196197475988603,335.8888244628906,133.01475524902344,0.0,-132.28982543945312,154,0,1
1594545249368447491,335.01336669921875,132.15509033203125,0.0,-138.8111572265625,154,0,1
6878820029593201035,334.0424499511719,131.3997344970703,0.0,-145.42401123046875,154,0,1
11960528363517173523,332.9909973144531,130.76119995117188,0.0,-152.036865234375,154,0,1
12353486551320030875,331.8730163574219,130.2480010986328,0.0,-158.64974975585938,154,0,1
15167071279666416022,330.703369140625,129.86697387695312,0.0,-165.26260375976562,154,0,1
8698581263570232725,329.49761962890625,129.62318420410156,0.0,-171.87545776367188,154,0,1
5863901749475700645,328.2718200683594,129.5198516845703,0.0,-178.48831176757812,154,0,1
7075676066772523502,327.219970703125,129.51577758789062,0.0,-179.97439575195312,154,0,1
13021292408750460965,326.219970703125,129.5153350830078,0.0,-179.97439575195312,154,0,1
14991766616502231557,325.2196044921875,129.514892578125,0.0,180.02560424804688,4,0,1
8650713638701369663,324.2196044921875,129.5144500732422,0.0,180.02560424804688,4,0,1
1597437194421220761,323.2196044921875,129.51400756835938,0.0,180.02560424804688,4,0,1
16523591858267794579,322.2196044921875,129.5135498046875,0.0,180.02560424804688,4,0,1
4743909091575747306,321.2196044921875,129.5131072998047,0.0,180.02560424804688,4,0,1
1854060792024887108,320.2196044921875,129.51266479492188,0.0,180.02560424804688,4,0,1
3836889510774756926,319.2196044921875,129.51220703125,0.0,180.02560424804688,4,0,1
3865339886896472056,318.2196044921875,129.5117645263672,0.0,180.02560424804688,4,0,1
1919698494600354883,317.2196044921875,129.51132202148438,0.0,180.02560424804688,4,0,1
13575695712529169213,316.2196044921875,129.51087951660156,0.0,180.02560424804688,4,0,1
7769162942658252023,315.2196044921875,129.5104217529297,0.0,180.02560424804688,4,0,1
9373271025832618481,314.2196044921875,129.50997924804688,0.0,180.02560424804688,4,0,1
13987348582423921896,313.2196044921875,129.50953674316406,0.0,180.02560424804688,4,0,1
15477343629566602914,312.2196044921875,129.5090789794922,0.0,180.02560424804688,4,0,1
8540459423676814748,311.2196044921875,129.50863647460938,0.0,180.02560424804688,4,0,1
14662689864428557526,310.2196044921875,129.50819396972656,0.0,180.02560424804688,4,0,1
7952467731819608993,309.2196044921875,129.50775146484375,0.0,180.02560424804688,4,0,1
16301425777006751899,308.2196044921875,129.50729370117188,0.0,180.02560424804688,4,0,1
16571587932261545173,307.2196044921875,129.50685119628906,0.0,180.02560424804688,4,0,1
342502619775753167,306.2196044921875,129.50640869140625,0.0,180.02560424804688,4,0,1
7417474167863403590,305.2196044921875,129.50595092773438,0.0,180.02560424804688,4,0,1
12242883505052121984,304.2196044921875,129.50550842285156,0.0,180.02560424804688,4,0,1
1919973152645065338,303.2196044921875,129.50506591796875,0.0,180.02560424804688,4,0,1
9387790256412695764,302.2196044921875,129.50462341308594,0.0,180.02560424804688,4,0,1
13282637865398489983,301.2196044921875,129.50416564941406,0.0,180.02560424804688,4,0,1
10104185394027108313,300.2196044921875,129.50372314453125,0.0,180.02560424804688,4,0,1
2024214520159155923,299.2196044921875,129.50328063964844,0.0,180.02560424804688,4,0,1
14182742590898284685,298.2196044921875,129.50282287597656,0.0,180.02560424804688,4,0,1
8651261080421791623,297.2196044921875,129.50238037109375,0.0,180.02560424804688,4,0,1
12190624713395280766,296.2196044921875,129.50193786621094,0.0,180.02560424804688,4,0,1
17041871330405719352,295.2196044921875,129.50149536132812,0.0,180.02560424804688,4,0,1
14720824121172261938,294.2196044921875,129.50103759765625,0.0,180.02560424804688,4,0,1
329876295658911852,293.2196044921875,129.50059509277344,0.0,180.02560424804688,4,0,1
12274239379475175223,292.2196044921875,129.50015258789062,0.0,180.02560424804688,4,0,1
856859313856507441,291.2196044921875,129.4997100830078,0.0,180.02560424804688,4,0,1
5358797787749993323,290.2196044921875,129.49925231933594,0.0,180.02560424804688,4,0,1
10647405756399628901,289.2196044921875,129.49880981445312,0.0,180.02560424804688,4,0,1
6090219635984390876,288.2196044921875,129.4983673095703,0.0,180.02560424804688,4,0,1
2071270507986249494,287.2196044921875,129.49790954589844,0.0,180.02560424804688,4,0,1
13297505843014256144,286.2196044921875,129.49746704101562,0.0,180.02560424804688,4,0,1
10133054245088835530,285.2196044921875,129.4970245361328,0.0,180.02560424804688,4,0,1
4768598693507019285,284.2196044921875,129.49658203125,0.0,180.02560424804688,4,0,1
249878112962396431,283.2196044921875,129.49612426757812,0.0,180.02560424804688,4,0,1
7098380509019714921,282.2196044921875,129.4956817626953,0.0,180.02560424804688,4,0,1
2083509619202457379,281.2196044921875,129.4952392578125,0.0,180.02560424804688,4,0,1
9697551569055493306,280.2196044921875,129.49478149414062,0.0,180.02560424804688,4,0,1
3394869116061645076,279.2196044921875,129.4943389892578,0.0,180.02560424804688,4,0,1
2545183907033532622,278.2196044921875,129.493896484375,0.0,180.02560424804688,4,0,1
16835397001832867784,277.2196044921875,129.4934539794922,0.0,180.02560424804688,4,0,1
16636088174371103763,276.2196044921875,129.4929962158203,0.0,180.02560424804688,4,0,1
8559799807632256461,275.2196044921875,129.4925537109375,0.0,180.02560424804688,4,0,1
9088829775260398791,274.2196044921875,129.4921112060547,0.0,180.02560424804688,4,0,1
5296079545739225345,273.2196044921875,129.4916534423828,0.0,180.02560424804688,4,0,1
13604948487484335992,272.2196350097656,129.4912109375,0.0,180.02560424804688,4,0,1
14155502909302382194,271.2196350097656,129.4907684326172,0.0,180.02560424804688,4,0,1
6746765803077971372,270.2196350097656,129.49032592773438,0.0,180.02560424804688,4,0,1
15178277861713872038,269.2196350097656,129.4898681640625,0.0,180.02560424804688,4,0,1
7924022684092347249,268.2196350097656,129.4894256591797,0.0,180.02560424804688,4,0,1
5754919956558380971,267.2196350097656,129.48898315429688,0.0,180.02560424804688,4,0,1
15457229328579227301,266.2196350097656,129.488525390625,0.0,180.02560424804688,4,0,1
16658234476655314580,265.2196350097656,129.4880828857422,0.0,180.02560424804688,4,0,1
725094353446326088,264.2196350097656,129.48764038085938,0.0,180.02560424804688,4,0,1
5075923092135242061,263.2196350097656,129.48719787597656,0.0,180.02560424804688,4,0,1
3644607509510577281,262.2196350097656,129.4867401123047,0.0,180.02560424804688,4,0,1
11164672791045886962,261.2196350097656,129.48629760742188,0.0,180.02560424804688,4,0,1
10987547222220829222,260.2196350097656,129.48585510253906,0.0,180.02560424804688,4,0,1
2227601525297222955,259.2196350097656,129.48541259765625,0.0,180.02560424804688,4,0,1
5034100368226115039,258.2196350097656,129.48495483398438,0.0,180.02560424804688,4,0,1
6187713349591034576,257.2196350097656,129.48451232910156,0.0,180.02560424804688,4,0,1
5657994637067705572,256.2196350097656,129.48406982421875,0.0,180.02560424804688,4,0,1
14349112687165183273,255.21963500976562,129.48361206054688,0.0,180.02560424804688,4,0,1
18292580974482533853,254.21963500976562,129.48316955566406,0.0,180.02560424804688,4,0,1
12282726873586632078,253.21963500976562,129.48272705078125,0.0,180.02560424804688,4,0,1
678590710899255490,252.21963500976562,129.48228454589844,0.0,180.02560424804688,4,0,1
16915822868201354887,251.21963500976562,129.48182678222656,0.0,180.02560424804688,4,0,1
3303987974394167483,250.21963500976562,129.48138427734375,0.0,180.02560424804688,4,0,1
208304495071706476,249.21963500976562,129.48094177246094,0.0,180.02560424804688,4,0,1
16231362919717946912,248.21963500976562,129.48048400878906,0.0,180.02560424804688,4,0,1
8601693670648412517,247.21963500976562,129.48004150390625,0.0,180.02560424804688,4,0,1
858754858203713401,246.21963500976562,129.47959899902344,0.0,180.02560424804688,4,0,1
17925266733686337226,245.21963500976562,129.47915649414062,0.0,180.02560424804688,4,0,1
15191298902401971742,244.21963500976562,129.47869873046875,0.0,180.02560424804688,4,0,1
10839294986781246499,243.21963500976562,129.47825622558594,0.0,180.02560424804688,4,0,1
6796717548698228567,242.21963500976562,129.47781372070312,0.0,180.02560424804688,4,0,1
826289663229038280,241.21963500976562,129.47735595703125,0.0,180.02560424804688,4,0,1
14543492074272746748,240.21963500976562,129.47691345214844,0.0,180.02560424804688,4,0,1
5606950167470845953,239.21963500976562,129.47647094726562,0.0,180.02560424804688,4,0,1
3492970860135380149,238.21963500976562,129.4760284423828,0.0,180.02560424804688,4,0,1
4034054563636494758,237.21963500976562,129.47557067871094,0.0,180.02560424804688,4,0,1
68533267266767450,236.21963500976562,129.47512817382812,0.0,180.02560424804688,4,0,1
3826006899104623967,235.21963500976562,129.4746856689453,0.0,180.02560424804688,4,0,1
14808220741500823731,234.21963500976562,129.47422790527344,0.0,180.02560424804688,4,0,1
15321547720013705316,233.21963500976562,129.47378540039062,0.0,180.02560424804688,4,0,1
9132413125446242200,232.21963500976562,129.4733428955078,0.0,180.02560424804688,4,0,1
16751917134457658717,231.21963500976562,129.472900390625,0.0,180.02560424804688,4,0,1
3950504451775654801,230.21963500976562,129.47244262695312,0.0,180.02560424804688,4,0,1
2229148547027490882,229.21963500976562,129.4720001220703,0.0,180.02560424804688,4,0,1
17215894921993261302,228.21963500976562,129.4715576171875,0.0,180.02560424804688,4,0,1
6856086168529712187,227.21963500976562,129.4711151123047,0.0,180.02560424804688,4,0,1
9345622518334605551,226.21963500976562,129.4706573486328,0.0,180.02560424804688,4,0,1
9846406923434677664,225.21963500976562,129.47021484375,0.0,180.02560424804688,4,0,1
17009219671802732788,224.21963500976562,129.4697723388672,0.0,180.02560424804688,4,0,1
1914168017988370169,223.21963500976562,129.4693145751953,0.0,180.02560424804688,4,0,1
4090945863326655021,222.21963500976562,129.4688720703125,0.0,180.02560424804688,4,0,1
10773550590169868702,221.21963500976562,129.4684295654297,0.0,180.02560424804688,4,0,1
7411886785426846674,220.21963500976562,129.46798706054688,0.0,180.02560424804688,4,0,1
1599499557080946391,219.21963500976562,129.467529296875,0.0,180.02560424804688,4,0,1
7775706527215124363,218.21963500976562,129.4670867919922,0.0,180.02560424804688,4,0,1
18043318783665589372,217.21963500976562,129.46664428710938,0.0,180.02560424804688,4,0,1
1570328261791200560,216.21963500976562,129.4661865234375,0.0,180.02560424804688,4,0,1
1732360826849654837,215.21963500976562,129.4657440185547,0.0,180.02560424804688,4,0,1
8173613033566474121,214.21963500976562,129.46530151367188,0.0,180.02560424804688,4,0,1
18428513668252518874,213.21963500976562,129.46485900878906,0.0,180.02560424804688,4,0,1
12744192425885198958,212.21963500976562,129.4644012451172,0.0,180.02560424804688,4,0,1
4200252297378572339,211.21963500976562,129.46395874023438,0.0,180.02560424804688,4,0,1
4794225955440871015,210.21963500976562,129.46351623535156,0.0,180.02560424804688,4,0,1
11623928833304019736,209.21963500976562,129.4630584716797,0.0,180.02560424804688,4,0,1
8658008687214160844,208.21963500976562,129.46261596679688,0.0,180.02560424804688,4,0,1
17822477692032080657,207.21963500976562,129.46217346191406,0.0,180.02560424804688,4,0,1
7003766803156935621,206.21963500976562,129.46173095703125,0.0,180.02560424804688,4,0,1
2993881206956822646,205.21963500976562,129.46127319335938,0.0,180.02560424804688,4,0,1
17777932553409019562,204.21963500976562,129.46083068847656,0.0,180.02560424804688,4,0,1
991331440705768559,203.21963500976562,129.46038818359375,0.0,180.02560424804688,4,0,1
4929628081409031427,202.21963500976562,129.45994567871094,0.0,180.02560424804688,4,0,1
647583772872413300,201.21963500976562,129.45948791503906,0.0,180.02560424804688,4,0,1
15140562391449427624,200.21963500976562,129.45904541015625,0.0,180.02560424804688,4,0,1
8226392673121128877,199.21963500976562,129.45860290527344,0.0,180.02560424804688,4,0,1
12377744868181854817,198.21963500976562,129.45814514160156,0.0,180.02560424804688,4,0,1
5105212294468118354,197.21963500976562,129.45770263671875,0.0,180.02560424804688,4,0,1
17635267112421990406,196.21963500976562,129.45726013183594,0.0,180.02560424804688,4,0,1
780028916889784122,195.21963500976562,129.45681762695312,0.0,180.02560424804688,4,0,1
15718854507871399231,194.21963500976562,129.45635986328125,0.0,180.02560424804688,4,0,1
3855063112095299731,193.21963500976562,129.45591735839844,0.0,180.02560424804688,4,0,1
15573355718739526980,192.21963500976562,129.45547485351562,0.0,180.02560424804688,4,0,1
18097368979653426680,191.21963500976562,129.45501708984375,0.0,180.02560424804688,4,0,1
6865721173605212477,190.21963500976562,129.45457458496094,0.0,180.02560424804688,4,0,1
8598276744637859313,189.21963500976562,129.45413208007812,0.0,180.02560424804688,4,0,1
12093537253917577890,188.21963500976562,129.4536895751953,0.0,180.02560424804688,4,0,1
10587885341117604054,187.21963500976562,129.45323181152344,0.0,180.02560424804688,4,0,1
17177669228216929947,186.21963500976562,129.45278930664062,0.0,180.02560424804688,4,0,1
3527371250275070415,185.21963500976562,129.4523468017578,0.0,180.02560424804688,4,0,1
12232071590746982784,184.21963500976562,129.45188903808594,0.0,180.02560424804688,4,0,1
2606569938080184430,183.21963500976562,129.45144653320312,0.0,180.02560424804688,4,0,1
14409288899944957031,182.21963500976562,129.4510040283203,0.0,180.02560424804688,4,0,1
7388242523528911308,181.21963500976562,129.4505615234375,0.0,180.02560424804688,4,0,1
18251439944126303685,180.21963500976562,129.45010375976562,0.0,180.02560424804688,4,0,1
11776170871728117930,179.21963500976562,129.4496612548828,0.0,180.02560424804688,4,0,1
15661272547103753987,178.21963500976562,129.44921875,0.0,180.02560424804688,4,0,1
10465670075934190760,177.21963500976562,129.44876098632812,0.0,180.02560424804688,4,0,1
16222725887686633569,176.21963500976562,129.4483184814453,0.0,180.02560424804688,4,0,1
15451521541884399110,175.21963500976562,129.4478759765625,0.0,180.02560424804688,4,0,1
4307816312315750207,174.21963500976562,129.4474334716797,0.0,180.02560424804688,4,0,1
17479386311130877764,173.21963500976562,129.4469757080078,0.0,180.02560424804688,4,0,1
6631754969572784957,172.21963500976562,129.446533203125,0.0,180.02560424804688,4,0,1
18244966454435164322,171.21963500976562,129.4460906982422,0.0,180.02560424804688,4,0,1
14224449312822205595,170.21963500976562,129.44564819335938,0.0,180.02560424804688,4,0,1
15597556162322319232,169.21963500976562,129.4451904296875,0.0,180.02560424804688,4,0,1
17483521488274382297,168.21963500976562,129.4447479248047,0.0,180.02560424804688,4,0,1
13541208697646572414,167.21963500976562,129.44430541992188,0.0,180.02560424804688,4,0,1
2749822004941668151,166.21963500976562,129.44384765625,0.0,180.02560424804688,4,0,1
3011588666846872796,165.21963500976562,129.4434051513672,0.0,180.02560424804688,4,0,1
1951648668291257877,164.21963500976562,129.44296264648438,0.0,180.02560424804688,4,0,1
9147246039408750778,163.21963500976562,129.44252014160156,0.0,180.02560424804688,4,0,1
18051730150032675347,162.21963500976562,129.4420623779297,0.0,180.02560424804688,4,0,1
5453762000444974968,161.21963500976562,129.44161987304688,0.0,180.02560424804688,4,0,1
3965223665368642417,160.21963500976562,129.44117736816406,0.0,180.02560424804688,4,0,1
13922534734876868182,159.21963500976562,129.4407196044922,0.0,180.02560424804688,4,0,1
11148543108283899727,158.21963500976562,129.44027709960938,0.0,180.02560424804688,4,0,1
1452767773938897492,157.21963500976562,129.43983459472656,0.0,180.02560424804688,4,0,1
6288787006186370573,156.21963500976562,129.43939208984375,0.0,180.02560424804688,4,0,1
12063509788651248562,155.21963500976562,129.43893432617188,0.0,180.02560424804688,4,0,1
2105821842922458347,154.21963500976562,129.43849182128906,0.0,180.02560424804688,4,0,1
11734684650956920720,153.21963500976562,129.43804931640625,0.0,180.02560424804688,4,0,1
587597915386843369,152.21963500976562,129.43759155273438,0.0,180.02560424804688,4,0,1
15350168974864991822,151.21963500976562,129.43714904785156,0.0,180.02560424804688,4,0,1
6602703347465009735,150.21963500976562,129.43670654296875,0.0,180.02560424804688,4,0,1
7914464906649765164,149.21963500976562,129.43626403808594,0.0,180.02560424804688,4,0,1
15451503330723653157,148.21963500976562,129.43580627441406,0.0,180.02560424804688,4,0,1
15631555008194127498,147.21963500976562,129.43536376953125,0.0,180.02560424804688,4,0,1
16901152713503085795,146.21963500976562,129.43492126464844,0.0,180.02560424804688,4,0,1
10384227255236541064,145.21963500976562,129.43446350097656,0.0,180.02560424804688,4,0,1
16304945309200339905,144.21963500976562,129.43402099609375,0.0,180.02560424804688,4,0,1
18250100276642926182,143.21963500976562,129.43357849121094,0.0,180.02560424804688,4,0,1
4206184679669244271,142.21963500976562,129.43313598632812,0.0,180.02560424804688,4,0,1
9867710645441411757,141.21963500976562,129.43267822265625,0.0,180.02560424804688,4,0,1
5179602145102511115,140.21963500976562,129.43223571777344,0.0,180.02560424804688,4,0,1
4999757449780109321,139.21963500976562,129.43179321289062,0.0,180.02560424804688,4,0,1
10714380609549915879,138.2196502685547,129.4313507080078,0.0,180.02560424804688,4,0,1
6218646091310258245,137.2196502685547,129.43089294433594,0.0,180.02560424804688,4,0,1
12786284372716908931,136.2196502685547,129.43045043945312,0.0,180.02560424804688,4,0,1
5777669700564480737,135.2196502685547,129.4300079345703,0.0,180.02560424804688,4,0,1
3810351723095400910,134.2196502685547,129.42955017089844,0.0,180.02560424804688,4,0,1
13042382178782988460,133.21963500976562,129.42910766601562,0.0,180.02560424804688,4,0,1
7011093752758372874,132.21963500976562,129.4286651611328,0.0,180.02560424804688,4,0,1
4221455852286082568,131.21963500976562,129.42822265625,0.0,180.02560424804688,4,0,1
4596466937300781542,130.21963500976562,129.42776489257812,0.0,180.02560424804688,4,0,1
1120340172824406180,129.2196502685547,129.4273223876953,0.0,180.02560424804688,4,0,1
9629342622459305858,128.2196502685547,129.4268798828125,0.0,180.02560424804688,4,0,1
4375367578094457056,127.21963500976562,129.42642211914062,0.0,180.02560424804688,4,0,1
8077974655840093406,126.21963500976562,129.4259796142578,0.0,180.02560424804688,4,0,1
2222739530687434940,125.21963500976562,129.425537109375,0.0,180.02560424804688,4,0,1
12993814682267898394,124.21963500976562,129.4250946044922,0.0,180.02560424804688,4,0,1
9746976221600372312,123.21963500976562,129.4246368408203,0.0,180.02560424804688,4,0,1
397602135547107254,122.21963500976562,129.4241943359375,0.0,180.02560424804688,4,0,1
3807266683558646726,121.21963500976562,129.4237518310547,0.0,180.02560424804688,4,0,1
1007585487694895458,120.21963500976562,129.4232940673828,0.0,180.02560424804688,4,0,1
17825963983953099070,119.21963500976562,129.4228515625,0.0,180.02560424804688,4,0,1
13149550152842375546,118.21963500976562,129.4224090576172,0.0,180.02560424804688,4,0,1
4324750343082527766,117.21963500976562,129.42196655273438,0.0,180.02560424804688,4,0,1
7396636039088095602,116.21963500976562,129.4215087890625,0.0,180.02560424804688,4,0,1
6970390074242729742,115.21963500976562,129.4210662841797,0.0,180.02560424804688,4,0,1
5253205215798236234,114.21963500976562,129.42062377929688,0.0,180.02560424804688,4,0,1
1057886828801404710,113.21963500976562,129.420166015625,0.0,180.02560424804688,4,0,1
17858716764431583682,112.21963500976562,129.4197235107422,0.0,180.02560424804688,4,0,1
10772026972587582553,111.21963500976562,129.41928100585938,0.0,180.02560424804688,4,0,1
2496092171989062129,110.21963500976562,129.41883850097656,0.0,180.02560424804688,4,0,1
4864189241625253737,109.21963500976562,129.4183807373047,0.0,180.02560424804688,4,0,1
15469354796480096833,108.21963500976562,129.41793823242188,0.0,180.02560424804688,4,0,1
7463136439178029625,107.21963500976562,129.41749572753906,0.0,180.02560424804688,4,0,1
17947519787256140935,106.21963500976562,129.41705322265625,0.0,180.02560424804688,4,0,1
3031655715327388887,105.21963500976562,129.41659545898438,0.0,180.02560424804688,4,0,1
16078192317996572647,104.21963500976562,129.41615295410156,0.0,180.02560424804688,4,0,1
13509071068434540300,103.21963500976562,129.41571044921875,0.0,180.02560424804688,4,0,1
16724071664752548553,102.21963500976562,129.41525268554688,0.0,180.02560424804688,4,0,1
3018374805151684249,101.21963500976562,129.41481018066406,0.0,-179.97439575195312,159,0,-1
17599928763779056230,100.21963500976562,129.41436767578125,0.0,-179.97439575195312,159,0,-1
4419912310165862435,99.21963500976562,129.41392517089844,0.0,-179.97439575195312,159,0,-1
13923564713977450464,98.21963500976562,129.41346740722656,0.0,-179.97439575195312,159,0,-1
3289941791337116368,97.01343536376953,129.46624755859375,0.0,-185.93423461914062,159,0,-1
648067227129051766,95.77739715576172,129.6748046875,0.0,-193.22097778320312,159,0,-1
1748170973256499438,94.57778930664062,130.03846740722656,0.0,-200.5076904296875,159,0,-1
3536296670882050406,93.43399810791016,130.55133056640625,0.0,-207.79441833496094,159,0,-1
6992977445932237534,92.36449432373047,131.2051239013672,0.0,-215.08114624023438,159,0,-1
6826667019157031254,91.38655853271484,131.98928833007812,0.0,-222.3678741455078,159,0,-1
11761141143254361550,90.5053482055664,132.9115753173828,0.0,129.7077178955078,159,0,-1
16436627241333447545,89.75936126708984,133.9493865966797,0.0,121.71115112304688,159,0,-1
11465899113186203101,89.16498565673828,135.0808563232422,0.0,113.71456909179688,159,0,-1
17827589258576415729,88.73380279541016,136.28402709960938,0.0,105.7179946899414,159,0,-1
6356587462180854869,88.47419738769531,137.5354766845703,0.0,97.72142028808594,159,0,-1
9147994911806263913,88.39110565185547,138.80157470703125,0.0,89.99127960205078,159,0,-1
17633065403664305613,88.3912582397461,139.80157470703125,0.0,89.99127960205078,159,0,-1
1705144415461355233,88.39141082763672,140.80157470703125,0.0,89.99127960205078,159,0,-1
58874913862712901,88.39155578613281,141.80157470703125,0.0,89.99127960205078,159,0,-1
6040100498838884860,88.39170837402344,142.80184936523438,0.0,89.99127960205078,23,0,-1
15397321507942267695,88.39186096191406,143.80184936523438,0.0,89.99127960205078,23,0,-1
1696643630361950207,88.39201354980469,144.80184936523438,0.0,89.99127960205078,23,0,-1
1899857710114919695,88.39216613769531,145.80184936523438,0.0,89.99127960205078,23,0,-1
2409107416350716447,88.39231872558594,146.80184936523438,0.0,89.99127960205078,23,0,-1
7839461869246073053,88.39247131347656,147.80184936523438,0.0,89.99127960205078,23,0,-1
6551549542065779125,88.39262390136719,148.80184936523438,0.0,89.99127960205078,23,0,-1
12555152135319027181,88.39277648925781,149.80184936523438,0.0,89.99127960205078,23,0,-1
15742778354274389701,88.39292907714844,150.80184936523438,0.0,89.99127960205078,23,0,-1
13260765979244007148,88.39308166503906,151.80184936523438,0.0,89.99127960205078,23,0,-1
18441489162916676630,88.39322662353516,152.80184936523438,0.0,89.99127960205078,23,0,-1
5880455066725460129,88.39337921142578,153.80184936523438,0.0,89.99127960205078,23,0,-1
8915153927818713405,88.3935317993164,154.80184936523438,0.0,89.99127960205078,23,0,-1
4915117188728326617,88.39368438720703,155.80184936523438,0.0,89.99127960205078,23,0,-1
15675008627604210197,88.39383697509766,156.80184936523438,0.0,89.99127960205078,23,0,-1
3819336138199110321,88.39398956298828,157.80184936523438,0.0,89.99127960205078,23,0,-1
379089422159189581,88.3941421508789,158.80184936523438,0.0,89.99127960205078,23,0,-1
2106306031972714217,88.39429473876953,159.80184936523438,0.0,89.99127960205078,23,0,-1
419454505851726373,88.39444732666016,160.80184936523438,0.0,89.99127960205078,23,0,-1
5196820464243781569,88.39459991455078,161.80184936523438,0.0,89.99127960205078,23,0,-1
16446701449323849240,88.3947525024414,162.80184936523438,0.0,89.99127960205078,23,0,-1
17683785584991763978,88.39490509033203,163.80184936523438,0.0,89.99127960205078,23,0,-1
16736654540888752564,88.39505767822266,164.80184936523438,0.0,89.99127960205078,23,0,-1
8613210917526216358,88.39521026611328,165.80184936523438,0.0,89.99127960205078,23,0,-1
11513974904085370096,88.39535522460938,166.80184936523438,0.0,89.99127960205078,23,0,-1
3790264248191405890,88.3955078125,167.80184936523438,0.0,89.99127960205078,23,0,-1
17830497914836949644,88.39566040039062,168.80184936523438,0.0,89.99127960205078,23,0,-1
4026171737154851550,88.39581298828125,169.80184936523438,0.0,89.99127960205078,23,0,-1
15643338694547764008,88.39596557617188,170.80184936523438,0.0,89.99127960205078,23,0,-1
55232543564940826,88.3961181640625,171.80184936523438,0.0,89.99127960205078,23,0,-1
8440951513442710468,88.39627075195312,172.80184936523438,0.0,89.99127960205078,23,0,-1
1804391967097392054,88.39642333984375,173.80184936523438,0.0,89.99127960205078,23,0,-1
15763265176720359936,88.39657592773438,174.80184936523438,0.0,89.99127960205078,23,0,-1
18020410383572712530,88.396728515625,175.80184936523438,0.0,89.99127960205078,23,0,-1
10718713305991410332,88.39688110351562,176.80184936523438,0.0,89.99127960205078,23,0,-1
241963760373718254,88.39703369140625,177.80184936523438,0.0,89.99127960205078,23,0,-1
18333436233005361208,88.39718627929688,178.80184936523438,0.0,89.99127960205078,23,0,-1
15784486147084473130,88.39733123779297,179.80184936523438,0.0,89.99127960205078,23,0,-1
1265514578894913748,88.3974838256836,180.80184936523438,0.0,89.99127960205078,23,0,-1
10738490156622644166,88.39763641357422,181.80184936523438,0.0,89.99127960205078,23,0,-1
15267005589758469123,88.39778900146484,182.80184936523438,0.0,89.99127960205078,23,0,-1
5972820044088951636,88.39794158935547,183.80184936523438,0.0,89.99127960205078,23,0,-1
12128338612947832653,88.3980941772461,184.80184936523438,0.0,89.99127960205078,23,0,-1
7182754230085587014,88.39824676513672,185.80184936523438,0.0,89.99127960205078,23,0,-1
18356707879349612675,88.39839172363281,186.80184936523438,0.0,89.99127960205078,138,0,-1
5208775690075785769,88.39854431152344,187.80184936523438,0.0,89.99127960205078,138,0,-1
12065879390967664585,88.39869689941406,188.80184936523438,0.0,89.99127960205078,138,0,-1
14302167858294840261,88.43689727783203,189.97454833984375,0.0,85.01287078857422,138,0,-1
12628144887480752469,88.62191009521484,191.20755004882812,0.0,77.91988372802734,138,0,-1
16195911946275950509,88.95775604248047,192.4082489013672,0.0,70.82689666748047,138,0,-1
14972533244222780469,89.43930053710938,193.5583038330078,0.0,63.73391342163086,138,0,-1
7667022841751943229,90.05916595458984,194.6400909423828,0.0,56.640926361083984,138,0,-1
7807337983056086725,90.807861328125,195.63705444335938,0.0,49.54793930053711,138,0,-1
1079328877039717197,91.67514038085938,196.53485107421875,0.0,42.41200637817383,138,0,-1
14702365085122827959,92.64954376220703,197.31861877441406,0.0,35.21200180053711,138,0,-1
17229513546929074515,93.71449279785156,197.97409057617188,0.0,28.012001037597656,138,0,-1
4286748058044242623,94.85320281982422,198.4909210205078,0.0,20.811996459960938,138,0,-1
539414991991750619,96.0477066040039,198.86094665527344,0.0,13.611993789672852,138,0,-1
3203975362625308999,97.27916717529297,199.07835388183594,0.0,6.411990165710449,138,0,-1
9953304595098174563,98.50049591064453,199.14065551757812,0.0,0.004655823577195406,138,0,-1
269849229578631247,99.50049591064453,199.14073181152344,0.0,0.004655823577195406,138,0,-1
17442306662651168875,100.50049591064453,199.14080810546875,0.0,0.004655823577195406,138,0,-1
4678090478797504390,101.50081634521484,199.14088439941406,0.0,0.004655823577195406,12,0,-1
11532993283997174814,102.50081634521484,199.14097595214844,0.0,0.004655823577195406,12,0,-1
2010343019338246815,103.50081634521484,199.14105224609375,0.0,0.004655823577195406,12,0,-1
2945240738222121138,104.50081634521484,199.14112854003906,0.0,0.004655823577195406,12,0,-1
13037750728981962306,105.50081634521484,199.14122009277344,0.0,0.004655823577195406,12,0,-1
4915882196308259794,106.50081634521484,199.14129638671875,0.0,0.004655823577195406,12,0,-1
12408445988208887545,107.50081634521484,199.14137268066406,0.0,0.004655823577195406,12,0,-1
16253750427705664593,108.50081634521484,199.14146423339844,0.0,0.004655823577195406,12,0,-1
6918427267983236233,109.50081634521484,199.14154052734375,0.0,0.004655823577195406,12,0,-1
12425333357797420897,110.50081634521484,199.14161682128906,0.0,0.004655823577195406,12,0,-1
3533234237364826649,111.50081634521484,199.14170837402344,0.0,0.004655823577195406,12,0,-1
10535433526580116893,112.50081634521484,199.14178466796875,0.0,0.004655823577195406,12,0,-1
10104111477571482545,113.50081634521484,199.14186096191406,0.0,0.004655823577195406,12,0,-1
2480622544365047925,114.50081634521484,199.14195251464844,0.0,0.004655823577195406,12,0,-1
10456806306155847273,115.50081634521484,199.14202880859375,0.0,0.004655823577195406,12,0,-1
7540719126628283181,116.50081634521484,199.14210510253906,0.0,0.004655823577195406,12,0,-1
5228809861757741377,117.50081634521484,199.14219665527344,0.0,0.004655823577195406,12,0,-1
